id;anrede;nachname;vorname;e_mail;telefon_mobile
1;Frau;Fresh;Assurance Orchestrator;Operative HDD;alarm circuit Home
2;Frau;Bedfordshire;Gorgeous CSS;Object-based invoice;withdrawal
3;Frau;orchestrate Loan Kwanza;Games;Cotton;Wooden
4;Herr;programming;Avon workforce Frozen;Ameliorated;needs-based
5;Frau;Identity;Sports Surinam payment;Outdoors Account;Shirt facilitate envisioneer
6;Herr;Maryland generation;Games;panel Switzerland;generating Customer
7;Frau;3rd Fresh United;Somali CFA;Licensed;drive
8;Frau;Configuration 1080p;Pants;Accounts;Computers Buckinghamshire
9;Frau;Island;Squares;sensor Berkshire schemas;Place Shoes District
10;Frau;full-range Profound index;back Ergonomic e-business;synthesize Intelligent;Fresh connect
